image_name,predicted_class_id
abamijvuqu.JPEG,4
acqwaetjwm.JPEG,4
acuojomtzj.JPEG,3
adgnmsyawo.JPEG,2
aecbkuhafg.JPEG,2
aeqembtlar.JPEG,0
aggqxbjsvf.JPEG,0
ahololoyfh.JPEG,7
ahtrsaylzt.JPEG,4
ajcroupehc.JPEG,7
ajrvuhftoq.JPEG,8
ajydrorpjo.JPEG,8
akmofytmvo.JPEG,9
akrrzulbsc.JPEG,8
aksqbepqns.JPEG,9
anqceiaskr.JPEG,5
aolrhdroux.JPEG,4
aoxabswtqg.JPEG,4
aqfbjsmdiq.JPEG,4
aqfplrglyx.JPEG,1
arbmphuliw.JPEG,0
arbukozbrx.JPEG,7
aseznbdfcf.JPEG,3
aspygllyma.JPEG,8
atloyefvek.JPEG,3
atspqtjixq.JPEG,9
awikfkfchm.JPEG,1
ayoecqrjlo.JPEG,6
aysfpcmyyh.JPEG,0
azdlufqoxa.JPEG,3
azicyslgvv.JPEG,7
bafsrjdnou.JPEG,5
baxfexlkja.JPEG,0
bbmpuilpyi.JPEG,1
bbqhushbhr.JPEG,3
bbshbbeuil.JPEG,5
bdcushrgcm.JPEG,7
bdfhertxye.JPEG,7
bdtqvhqbue.JPEG,4
becpgkqril.JPEG,4
beufwaxuza.JPEG,5
bevnopzkkr.JPEG,2
bexvwhxjyp.JPEG,5
bfpajktgwi.JPEG,1
bgbwngopwu.JPEG,2
bglxuntzqj.JPEG,8
bhfokwzyau.JPEG,4
bhginwfolj.JPEG,3
bhopnmofen.JPEG,4
bieekemlka.JPEG,3
biybjduoex.JPEG,2
bkeeldatcz.JPEG,7
bkiexklogx.JPEG,4
bkvmsbqzbs.JPEG,4
bleixcidid.JPEG,4
blmyprasyi.JPEG,6
bmoiwzymcr.JPEG,1
bmxzinsrif.JPEG,0
bnkkxmemdw.JPEG,1
bobdhooiqh.JPEG,0
bobmrzjeaf.JPEG,2
bohlyacoko.JPEG,6
bolugzjzcq.JPEG,0
boszctxskm.JPEG,7
bpaqyobvao.JPEG,4
brbncjvxgg.JPEG,3
brkkujsgfh.JPEG,3
brlgylopwy.JPEG,0
btffosqiog.JPEG,0
bthmqygtid.JPEG,2
buacpqmmuz.JPEG,3
bubqnjjtle.JPEG,2
burgghwhep.JPEG,3
bvcrwmytmr.JPEG,0
bvfjrutjpb.JPEG,8
bvykyzapjn.JPEG,3
bxtisvvyaq.JPEG,8
byrhmmshmr.JPEG,5
bzbczquleo.JPEG,2
cancbmdwhx.JPEG,0
cbvkyleuwh.JPEG,0
cdniyuejmg.JPEG,3
cdttlacuwp.JPEG,3
cgofmhgzlm.JPEG,5
chchmmbijd.JPEG,3
chocjajdim.JPEG,7
cinhkrrwff.JPEG,1
cjmlugqznj.JPEG,8
cjojymkptu.JPEG,2
cjuiustycx.JPEG,9
claalmphzi.JPEG,1
cnmjpnygzq.JPEG,5
cobmvlksmp.JPEG,3
cqucrokttc.JPEG,9
crbqqclkmw.JPEG,4
csfkqojwjl.JPEG,1
csjtetbfsl.JPEG,0
cskcvxodyc.JPEG,4
cszyofjwul.JPEG,2
ctaladaiod.JPEG,1
cteuwbkyic.JPEG,3
cvtcgfnzob.JPEG,1
cwgtnvnwkp.JPEG,0
cwytueestq.JPEG,2
cxgxkkxsbm.JPEG,7
cxlmfwrbos.JPEG,7
cyfwhahbhe.JPEG,7
czbsyzxfmx.JPEG,7
czjrcphivj.JPEG,8
czzuesmfyw.JPEG,3
dazmmxglyx.JPEG,3
dbmlvbeyld.JPEG,1
dcvtuwager.JPEG,3
dfagrezthp.JPEG,4
dfjpihngtl.JPEG,9
dfzuiudbir.JPEG,0
dghheihrll.JPEG,4
dhccrqoqjl.JPEG,0
dhrpjlztqo.JPEG,3
dhypcfthpe.JPEG,6
didurbkhsx.JPEG,3
djgukphmsn.JPEG,3
djkaoanmuh.JPEG,5
djuvpaihho.JPEG,4
dmkeextgml.JPEG,6
dmphsuvajm.JPEG,0
dmthcvnlzc.JPEG,3
dmvohkgqff.JPEG,2
dnscjtokjv.JPEG,5
dnypcnmtwd.JPEG,7
dokmroedvv.JPEG,3
doosgorobg.JPEG,1
dqhuujvzfj.JPEG,6
drbggxbkwo.JPEG,3
drwnqqvflw.JPEG,9
dsgthocusq.JPEG,3
dssnjmcjyg.JPEG,7
dsuiomnjrn.JPEG,4
dubgslfkwg.JPEG,2
dupqqsdxnh.JPEG,3
dvlvkylxhg.JPEG,4
dvrplecxri.JPEG,2
dvthavorco.JPEG,9
dvydbircsv.JPEG,9
dwsizhurau.JPEG,4
dxfwkpevpg.JPEG,6
dxmbaehzwl.JPEG,9
dyicejxeyi.JPEG,4
dykrdetwdo.JPEG,5
dypjhcivri.JPEG,5
dzawjixume.JPEG,4
eadhbxudtz.JPEG,1
eaintzmzzm.JPEG,0
eccwmmeqsd.JPEG,1
ecoeanyqvj.JPEG,6
edhppdsgvq.JPEG,0
ediackkcih.JPEG,5
edkfytkgzy.JPEG,8
edxvcdichh.JPEG,1
eekhuydbtq.JPEG,4
efncylhbuo.JPEG,9
efyrhhxoil.JPEG,1
eggtnitxsc.JPEG,1
eglgschgnq.JPEG,3
egvcjuuapn.JPEG,7
ehimjhoqwg.JPEG,9
ehrmjnxtcj.JPEG,3
ehunjbuzyj.JPEG,5
ehxsubasqb.JPEG,8
eifffrybms.JPEG,8
eikzkbsejr.JPEG,1
eilqbknqzo.JPEG,6
einizoebwy.JPEG,7
ejmtbshfsk.JPEG,7
ejwjxojcca.JPEG,9
ekakyjtczb.JPEG,0
ekgxwilnly.JPEG,1
elxvsxwdvw.JPEG,1
emibvdmdjj.JPEG,3
eotylyhsca.JPEG,1
eovwcotubj.JPEG,5
epbulffupr.JPEG,0
eplsntmefa.JPEG,8
eqdfvqwvis.JPEG,4
eqizmfysys.JPEG,3
eqjhlqouwl.JPEG,9
eqnhjeswun.JPEG,7
erhczmqntp.JPEG,5
erocfzsxhv.JPEG,5
eubhebcrra.JPEG,1
euxgcavhyy.JPEG,4
ewvcmjfdol.JPEG,9
exhhsxxulu.JPEG,0
exjfprcywc.JPEG,3
eylxbsrzkh.JPEG,9
eyrpodztlg.JPEG,9
ezequxfdbp.JPEG,3
fauwvdkrql.JPEG,6
fcffuwhxml.JPEG,9
fcscpjcxwy.JPEG,0
ffhzjpynrs.JPEG,3
fgrmajorky.JPEG,9
fgygjyipgf.JPEG,4
fhbwvuvzvm.JPEG,5
fhlrukcnew.JPEG,5
fhndfctwtr.JPEG,8
fiagspaivk.JPEG,0
fiednsigxh.JPEG,1
figphavfex.JPEG,3
fiozgwzxkf.JPEG,4
fiwetegpam.JPEG,9
fjktdmjfjh.JPEG,6
fkdbmhysih.JPEG,4
fkhirphavt.JPEG,3
fkxtbgdsot.JPEG,4
fmngzgeslf.JPEG,3
fnaafytuxp.JPEG,7
fnzdlmswsq.JPEG,7
foyvtacsji.JPEG,2
fpclixzenl.JPEG,2
fpkgyesmcx.JPEG,4
fpqllxylgu.JPEG,8
fpvdjnzsgo.JPEG,8
fpvfdwarot.JPEG,4
fqjoocmnuh.JPEG,7
frwtlbmqgr.JPEG,8
fscacyscre.JPEG,9
fswwvgizfp.JPEG,0
fsxhmmgylv.JPEG,1
fsxtuglora.JPEG,4
ftalownrxs.JPEG,1
fujpqalwcn.JPEG,2
fuyujptscr.JPEG,2
fvcdifwqhw.JPEG,4
fvfuojxjqe.JPEG,5
fvljixuiof.JPEG,9
fxqdjgacta.JPEG,8
fyafvllzod.JPEG,1
fykiawlhay.JPEG,1
fzajcanzyv.JPEG,2
gaezyqrnnv.JPEG,9
gannlshyll.JPEG,2
gbaqobfhdf.JPEG,5
gdrocjjsdz.JPEG,7
georezyalr.JPEG,9
gexfeobhbf.JPEG,5
gffwytrqxf.JPEG,2
gfmjauowtw.JPEG,2
ggcwrrkfvg.JPEG,4
ggdgppwffd.JPEG,8
ggqcehoepb.JPEG,0
ggrnthkkvs.JPEG,1
ghhpnowgli.JPEG,6
givpyrfnnh.JPEG,6
gjhgyfourp.JPEG,7
gjmjkjvomz.JPEG,6
gjswupffgt.JPEG,2
gkfnzpsshu.JPEG,8
gkyaxfxhqj.JPEG,6
gmzsnimncw.JPEG,3
gmzwfttikt.JPEG,8
gnjgfevvrd.JPEG,9
gntlwxjtok.JPEG,0
gozlwyansc.JPEG,3
gprkoiydvy.JPEG,8
gpuaheidml.JPEG,5
gqabywfass.JPEG,2
grmacwfacp.JPEG,5
grnxtolpzj.JPEG,9
grphctkprm.JPEG,2
gtwpzylxji.JPEG,0
guliuxgzlb.JPEG,2
guvnpdtikv.JPEG,4
gvceodjmwf.JPEG,8
gvzmwqwaoi.JPEG,1
gwebmdgycy.JPEG,0
gxuxsggmpw.JPEG,1
gxvacmqvdw.JPEG,5
gxvyjamgux.JPEG,4
gxxyazsuxp.JPEG,7
gyjluijxqv.JPEG,4
gykzmbufus.JPEG,6
gyovzyigxa.JPEG,5
gyqlomlfvl.JPEG,5
gzavnwpkrp.JPEG,0
gzcsdtnero.JPEG,0
gztxifmfjn.JPEG,5
haifcdpnli.JPEG,9
hcyjxdquft.JPEG,1
hczmgoouht.JPEG,9
hdbnpdmzpt.JPEG,9
hdlxfrtwfm.JPEG,0
hfhwyqfijr.JPEG,0
hgndqfsbgf.JPEG,4
hhrtviithv.JPEG,9
hjrmullhpl.JPEG,6
hkrsqcehjf.JPEG,4
hladqlmqhr.JPEG,3
hlckdgxxtj.JPEG,3
hlhsrfnduj.JPEG,8
hmwqizhyap.JPEG,3
honcpcadtd.JPEG,5
hpumcovdgr.JPEG,4
hqcozqxktf.JPEG,5
hsedjgkfcd.JPEG,6
hskdhsucpg.JPEG,4
htdkjuorit.JPEG,1
htgdozosmj.JPEG,4
hufjrzfhjw.JPEG,2
hvjsibgjyy.JPEG,4
hvvgdxnees.JPEG,3
hvyqxjfupo.JPEG,5
hwevrzchga.JPEG,3
hwtdwvcxua.JPEG,0
hwvlvcknof.JPEG,0
hwzzfmqpce.JPEG,5
hxogtrlhby.JPEG,3
hxwldviopd.JPEG,9
hziyqprqqy.JPEG,9
hzrtsgphwk.JPEG,5
hzubflxmmo.JPEG,9
iccgqhgmil.JPEG,2
ieolgkqezk.JPEG,7
iezrngvosg.JPEG,2
igixzxmlsq.JPEG,9
igxfdcpeve.JPEG,2
ihzexspovs.JPEG,2
ijjrpfllsc.JPEG,4
ijnwfadizh.JPEG,2
ijswlvprpt.JPEG,3
ijykerdway.JPEG,1
ikgsaqsyjv.JPEG,6
ikmrcxhter.JPEG,2
ikoyeyaakm.JPEG,2
iluknitzho.JPEG,3
ilzxtuqafr.JPEG,3
indbmlnteg.JPEG,0
iotpootnxa.JPEG,1
ipcybzfuxt.JPEG,2
ipfjqkufxx.JPEG,1
ipwpzdptmx.JPEG,8
ipzkkrgymp.JPEG,5
itqkmptjyx.JPEG,0
iudvkiecop.JPEG,9
ivnjnhymer.JPEG,9
ivqxxszbhx.JPEG,5
iwyrsisaki.JPEG,2
ixledxtzer.JPEG,4
izqdnvmfdx.JPEG,4
iztzrllxrp.JPEG,1
jblairasqj.JPEG,3
jcnalfzvio.JPEG,4
jdltpcqmlo.JPEG,6
jfcdclwqcu.JPEG,1
jhbhhyznfi.JPEG,4
jhquabnsdk.JPEG,4
jieyjsarsk.JPEG,5
jiftmpzdid.JPEG,6
jivdlwpyku.JPEG,1
jkcbjymmtg.JPEG,0
jkssknngoy.JPEG,4
jlqkelygfn.JPEG,9
jmvevdgbld.JPEG,3
jnprtjzdgo.JPEG,3
joglybcwmb.JPEG,0
jooppgtndn.JPEG,2
josbjrwxhn.JPEG,8
jowdvwmjbf.JPEG,8
jpndtagfyc.JPEG,9
jpycfwdlfh.JPEG,4
jqjldhadlb.JPEG,0
jrytomgzml.JPEG,5
jtrfyulglo.JPEG,4
jtwyhlcrjw.JPEG,6
judltluysa.JPEG,3
jvaxbsavju.JPEG,7
jybcucurxm.JPEG,9
jyvtnydwtr.JPEG,3
jzxkgebkfr.JPEG,5
kaflfxtxmo.JPEG,5
kahvkwrqxr.JPEG,1
kakqqsvkxx.JPEG,2
kalfymlzug.JPEG,2
kapdrcmjvi.JPEG,4
kaxbisjytq.JPEG,0
kbkctiyjto.JPEG,2
kbrhlvmcah.JPEG,3
kcfbelrjrp.JPEG,2
kcfuimjwsq.JPEG,0
kcjjxttzzm.JPEG,8
kczkdvulwa.JPEG,6
kdpycssbfb.JPEG,9
kdyvvbvwwx.JPEG,2
keqpkbhteo.JPEG,0
kfiyldxiqt.JPEG,7
kgilvzakny.JPEG,0
khpsfezxcy.JPEG,1
kielaprrxr.JPEG,6
kjfnzgukkv.JPEG,6
kkizwkjmqj.JPEG,8
kkttjfencv.JPEG,9
klhzmjbkvm.JPEG,7
kllrfdsqtw.JPEG,4
klvqljvdpp.JPEG,9
kmizfxnjkl.JPEG,9
kmpzpamtip.JPEG,4
kndvrcbnno.JPEG,4
knvmbviwkw.JPEG,0
kocscezrmz.JPEG,9
kogwhxcgoo.JPEG,3
kpbafkkkzv.JPEG,0
kptoqjrwtn.JPEG,0
kqukakmxpa.JPEG,9
ktffabcpml.JPEG,6
ktouimapfk.JPEG,4
ktwwydapor.JPEG,9
kunxpkxbzh.JPEG,3
kupcsicvai.JPEG,1
kutxuvxzgl.JPEG,1
kwxvdmnrfa.JPEG,9
kwxvxeqbly.JPEG,3
kxsqxlvyfq.JPEG,3
kyjlqtdkqo.JPEG,2
ladodpppoz.JPEG,4
lafsfqlwtk.JPEG,0
lcmiummqcq.JPEG,0
ldouyjjiea.JPEG,8
lduvprcsin.JPEG,3
ldxeptuxcp.JPEG,4
ldyigbsndt.JPEG,4
lewezahwpc.JPEG,3
lfccfalksh.JPEG,4
lgnyyhryvf.JPEG,9
lixpuomprr.JPEG,4
ljagizitky.JPEG,2
ljlqebvbfu.JPEG,0
ljsbgjaazj.JPEG,6
ljsppebdhk.JPEG,8
ljtaaagqwe.JPEG,0
lkeloqnejn.JPEG,3
lmjbxzqlzz.JPEG,7
lmydnlpvnd.JPEG,4
lnupzjbroc.JPEG,9
lnywogiuzi.JPEG,7
loplubtjuy.JPEG,3
loqhgyxmrf.JPEG,4
lpdpsakyls.JPEG,8
lpobyculbg.JPEG,5
lprthrxgfw.JPEG,6
lqfrlwbgzm.JPEG,3
lrheqivoyl.JPEG,4
lvfwgckcte.JPEG,4
lvsdxtopvf.JPEG,5
lwbpemrqfn.JPEG,8
lwdkoysbic.JPEG,4
lwvzatgyld.JPEG,0
lxdbhsgrnm.JPEG,9
lysfnuouoa.JPEG,0
lzftlrlfbi.JPEG,0
madgfspdix.JPEG,0
mbhrvpntqr.JPEG,1
mbpfabwdoa.JPEG,5
mbznzglucj.JPEG,0
mcaqhxrpkc.JPEG,3
mcnmwskmrp.JPEG,7
mdgryhxlub.JPEG,1
mdipcajvme.JPEG,6
mebrjztsro.JPEG,4
meqvcaszvl.JPEG,1
mfbtammkos.JPEG,3
mffkbykcsj.JPEG,9
mfjnponfjw.JPEG,2
mfnzciuveu.JPEG,3
mgjridkvvp.JPEG,8
mhldhgtxpj.JPEG,3
miqslhaetp.JPEG,7
mjlpyacjim.JPEG,0
mktrqvtfnu.JPEG,2
mkwghwihuo.JPEG,4
mmurprqadm.JPEG,5
mnfuktunzy.JPEG,5
mosmevtywm.JPEG,1
mqnmkctevx.JPEG,5
mshqgbdvbf.JPEG,9
mtvkvmipjl.JPEG,6
mucrkfjeej.JPEG,9
muefikhklq.JPEG,5
mussglsarz.JPEG,2
mwidlmjvhd.JPEG,5
mwjarbmhce.JPEG,4
mwntooqkzd.JPEG,4
mycqgmhnjt.JPEG,6
myeucmemmi.JPEG,4
myjwqjgqbo.JPEG,7
mzddwveohw.JPEG,1
mzwdlxjnsp.JPEG,6
naawgewxhz.JPEG,7
nabfggtfme.JPEG,0
nanbqtvvfn.JPEG,5
naodazklwb.JPEG,8
naxclfdfxq.JPEG,0
ncnqkoymij.JPEG,2
ndaizaianl.JPEG,7
nhnjcyptpc.JPEG,2
nhtvtcwrjg.JPEG,4
nhzigusedh.JPEG,2
nifxqhfarb.JPEG,1
njfyncfxtb.JPEG,0
njgzyqpydj.JPEG,2
nkjyksibfc.JPEG,9
nlnsbygjpd.JPEG,2
nmmbfckiqx.JPEG,2
nncxwhdhfk.JPEG,6
nnsnstpejc.JPEG,5
nnzelwupkk.JPEG,6
nobwrejyaz.JPEG,3
noelmcbjys.JPEG,4
npbsqygquw.JPEG,6
npffwutamu.JPEG,9
npvcatbnlj.JPEG,9
nqjuyysboz.JPEG,0
nqlgotzjig.JPEG,4
nrcwrrbggx.JPEG,9
nrmponvoci.JPEG,0
nsxydvlgos.JPEG,2
nurbcyjzin.JPEG,4
nvqjtsdlko.JPEG,5
nvvejxnccl.JPEG,6
nwjsephbsn.JPEG,1
nyggiriskz.JPEG,5
nzbabbnqie.JPEG,4
oadgtblhqk.JPEG,4
oahjcvpwcd.JPEG,8
oamsbmtksd.JPEG,0
obclehzmhk.JPEG,3
odpohyljey.JPEG,4
ogcgomcfix.JPEG,8
ogheorgmkh.JPEG,9
ogpidhwewm.JPEG,4
ogtxjnzknl.JPEG,9
ohtduyaefe.JPEG,2
oiirylsqkb.JPEG,3
oikdlutxtx.JPEG,2
oirjxfiuko.JPEG,8
ojjubzoiag.JPEG,3
okgyuzhhml.JPEG,8
olehgwoqfj.JPEG,0
olpusegmle.JPEG,4
olvvuauqes.JPEG,6
onqknchgns.JPEG,7
oqtmnvtbja.JPEG,8
orttuqebea.JPEG,9
osuqjrygfn.JPEG,8
osuznhtblp.JPEG,6
otaoukvigm.JPEG,3
otezpbtfkk.JPEG,1
otweiqeaqp.JPEG,7
outohighgc.JPEG,0
ovzwjtgbsm.JPEG,7
oyaglqsodc.JPEG,3
oyffhapguj.JPEG,6
oznkvmgqwf.JPEG,9
oztblsmfbt.JPEG,8
pasqvpizpg.JPEG,4
pccxbbetjl.JPEG,7
pdbjcwrjmj.JPEG,2
pdsogoneww.JPEG,0
pdviqadimu.JPEG,7
pfjmdjxeiq.JPEG,1
pgwrzunsfk.JPEG,8
pixzocnjap.JPEG,4
pjakiptcnb.JPEG,0
pjifumneum.JPEG,6
pjqpoxkprf.JPEG,1
pkausnotey.JPEG,8
plcpcwkwoi.JPEG,0
pllljxbnhz.JPEG,9
plytbxvfwb.JPEG,8
plzzjribes.JPEG,3
pmxuihuxcz.JPEG,1
pmzweqklop.JPEG,9
pnadwgvrma.JPEG,4
pnbzkonzzk.JPEG,7
pnoamhowez.JPEG,4
pnzmkmeyof.JPEG,4
ppimeckdey.JPEG,0
pqoabtbcly.JPEG,3
pqzsaneeiq.JPEG,4
prallhbnqg.JPEG,0
pranqyeyvl.JPEG,3
prrumpmsfz.JPEG,8
pszosgwhqk.JPEG,4
ptqqsplrtd.JPEG,1
pumigcuhsg.JPEG,6
pvbgiklutx.JPEG,7
pviagkfdnb.JPEG,9
pwhnkcfjnv.JPEG,9
pxcatifwbr.JPEG,4
pylghgcvfl.JPEG,4
pyngykomxk.JPEG,5
pyonwblsha.JPEG,9
pyswfwqggi.JPEG,7
pzaipyjtye.JPEG,3
qafgtqmytk.JPEG,8
qbljgqwfsp.JPEG,0
qcctvuhhat.JPEG,4
qcoxivzbps.JPEG,0
qcuahtamrm.JPEG,5
qcwcjzuslx.JPEG,1
qggahwaqgp.JPEG,1
qgjtxywqzl.JPEG,0
qhrpegtjzx.JPEG,2
qizagwpkpr.JPEG,9
qjdhxyjprk.JPEG,3
qjkwiazwbo.JPEG,3
qjyerbilmt.JPEG,3
qkmkhuxlpz.JPEG,2
qkwcexzqvf.JPEG,9
qlkbilujgn.JPEG,1
qlnlcokpfy.JPEG,5
qlnmdowkla.JPEG,7
qlwdwdmisv.JPEG,3
qnmemvjbhe.JPEG,5
qnnumtnetx.JPEG,8
qoeaxxypsc.JPEG,1
qoekanawdn.JPEG,5
qotcovqiex.JPEG,4
qotjfvnugk.JPEG,3
qovomaehyh.JPEG,9
qqgqyxyiwl.JPEG,6
qsfpjzyosy.JPEG,6
qtasgbskqz.JPEG,1
qthuyhnyho.JPEG,8
qucgmfcjxl.JPEG,5
qukxiephws.JPEG,3
qupfuvairl.JPEG,9
qwcrdfnoxt.JPEG,1
qwfurfrnmw.JPEG,2
qyqhdrcdyc.JPEG,5
qyydcascwo.JPEG,2
qzsqsxlbbk.JPEG,3
raozxtdtpp.JPEG,3
ravjldcqun.JPEG,8
razjojxdnb.JPEG,1
rbdfyqkotv.JPEG,7
rbjxhtjqsy.JPEG,1
rbtmmlahki.JPEG,8
rckxwsiubg.JPEG,2
rdiinvtlib.JPEG,4
rennkzixak.JPEG,3
reodmdhxmo.JPEG,6
rfldmlpape.JPEG,8
rhcfsmuqvk.JPEG,8
rhjsshfbbv.JPEG,4
riehdmzmae.JPEG,5
rjetsbdpua.JPEG,7
rjyvfgssue.JPEG,4
rkdalwonhb.JPEG,8
rmsufwhecs.JPEG,2
rnfpiaoiep.JPEG,9
rnlnripkgz.JPEG,9
ronxypotkp.JPEG,8
rpjtnjxxuz.JPEG,8
rrtzgpqveb.JPEG,1
rtwlmuxbrr.JPEG,1
rtzosltwip.JPEG,5
rurlkqqlrh.JPEG,8
rvakdfipvb.JPEG,9
rycwgtamqg.JPEG,1
ryhmhlxogu.JPEG,5
sabqkwhdlc.JPEG,1
sbbintugru.JPEG,7
sciotllsxg.JPEG,8
sdzrwiyspf.JPEG,9
secxsnhlmw.JPEG,9
sedbhuvdeq.JPEG,3
segdwlkzuv.JPEG,6
seoulhxjxr.JPEG,3
sepmnorqmy.JPEG,5
serbjdlpby.JPEG,0
sfaotnktwd.JPEG,0
sfgajlpqhm.JPEG,4
sgilbodoap.JPEG,3
sguwrbavmc.JPEG,9
shartstiko.JPEG,4
shxdnarmpj.JPEG,8
siqxeweagy.JPEG,6
sjhzhckwcf.JPEG,7
sjitytgyob.JPEG,8
sknsetfeyf.JPEG,1
skxblgtokc.JPEG,0
slfgdxaahc.JPEG,5
slqeecyxxs.JPEG,6
smjjfvpcrc.JPEG,2
snayliqbgf.JPEG,1
soifemglhd.JPEG,9
somylrmlqs.JPEG,0
sosrjpnpot.JPEG,5
spcjdbkgno.JPEG,8
sqihmjufeb.JPEG,9
srgihzjizd.JPEG,7
ssciinmspf.JPEG,3
ssngpogxvb.JPEG,9
sszngfptkj.JPEG,1
sthyrjkblg.JPEG,4
strffpyyki.JPEG,6
sumiqtbeyb.JPEG,4
svcxbybzxb.JPEG,4
svuqxcldbd.JPEG,4
sxbnwmbkdg.JPEG,3
syptdkpvjw.JPEG,1
syxrqurwwg.JPEG,2
syzvtqwkxg.JPEG,4
szehauamil.JPEG,7
szghojxcaf.JPEG,6
szypghfhlo.JPEG,0
tanmgecyou.JPEG,4
taonzuvhpr.JPEG,9
tblnpixshv.JPEG,3
tbltcoqrxb.JPEG,4
tcmcyfehyj.JPEG,0
tcpcjxujek.JPEG,0
tdhskindgy.JPEG,8
tdwkzoaygc.JPEG,2
tetysodqli.JPEG,4
tfffjsopyq.JPEG,8
tgmroazeas.JPEG,2
tgxwakxsbl.JPEG,8
thmiugnwfo.JPEG,0
thvipmvmzp.JPEG,0
tisvchbazb.JPEG,3
tkjyqltlty.JPEG,2
tkyyfcxkus.JPEG,9
tlnmtiwoic.JPEG,8
tmabojcwsp.JPEG,2
tmvtknjspx.JPEG,5
tnabtqxxhk.JPEG,1
tnhsukcqwl.JPEG,3
tohslmaqyr.JPEG,0
tophepsino.JPEG,4
tqeezjsjmc.JPEG,4
tqlkworqfh.JPEG,8
trqjscfifn.JPEG,3
trypelhlvw.JPEG,5
tslqiviurd.JPEG,6
tsssdnohnj.JPEG,4
tsyxhqnkwj.JPEG,9
tszsfezhth.JPEG,9
ttgvllvvhb.JPEG,9
tucatmxlqk.JPEG,4
tujybiygid.JPEG,6
twtoaxtaex.JPEG,6
txgurmuqow.JPEG,7
txijhznuyf.JPEG,9
tzklvezxef.JPEG,9
ubbooesvuh.JPEG,1
ucpgehnqeb.JPEG,8
ucqoylgdwm.JPEG,4
udfnpefvhh.JPEG,3
udyjwgnqgt.JPEG,2
udzfiggqtb.JPEG,1
ueaipmjatq.JPEG,5
ueydgdfukb.JPEG,5
ugdlclnokn.JPEG,2
ugkkkbockn.JPEG,2
uhwnllgsyx.JPEG,2
uicfekxqgx.JPEG,9
ujcpaqpgho.JPEG,0
ujqwajvfxi.JPEG,3
ukasepjqxq.JPEG,9
ukotbnhbdx.JPEG,0
ukybeoussy.JPEG,7
ulegxpoqgc.JPEG,3
ulghknclum.JPEG,5
umhvnhxvvf.JPEG,1
unirvqfdho.JPEG,0
unrtbmnghx.JPEG,2
uowrzeppza.JPEG,2
uowwyemmrg.JPEG,4
upbsdkgoce.JPEG,4
uptqxpgrhm.JPEG,2
uqfetkfbyh.JPEG,6
uqyfgtzliq.JPEG,9
uqzenacdyt.JPEG,3
usdyhamxye.JPEG,3
usfnjfiwpc.JPEG,8
utezxbkfvu.JPEG,0
utidmulixk.JPEG,3
utshfsqirr.JPEG,5
uukimtrecb.JPEG,2
uvazruyjze.JPEG,7
uvsvgkfcsv.JPEG,3
uwkncebdwh.JPEG,3
uzdaydpamq.JPEG,1
uzinjgcoth.JPEG,4
varatiacrn.JPEG,3
vbeiaylqnh.JPEG,0
vbjjjkjiol.JPEG,4
vcwevehpeb.JPEG,0
vdguvjkkey.JPEG,5
vdmlimiqgh.JPEG,1
vdwlkjyaaf.JPEG,3
vdzrmfpikl.JPEG,6
veyduicpnq.JPEG,2
vfaujalxrl.JPEG,0
vfdcujdwjb.JPEG,5
vftpqjshrk.JPEG,7
vhbjzpkwev.JPEG,3
vhhqybtgmj.JPEG,3
vhnmzrjiup.JPEG,9
vinloedrvx.JPEG,3
vjifyjoyjh.JPEG,2
vjmtmsauro.JPEG,2
vkearpaxdx.JPEG,4
vlxlhldcri.JPEG,3
vmnbozqhcl.JPEG,6
vnblulzcup.JPEG,2
vnckzopghv.JPEG,1
vnhtsqzooe.JPEG,0
vnpcdodsau.JPEG,7
vnpyibfbjp.JPEG,2
vnteomblfs.JPEG,3
vnvktzptbm.JPEG,5
vnythdysok.JPEG,0
vofaquwamh.JPEG,3
vofdwdumex.JPEG,8
vopoyvdvtb.JPEG,3
vphqhbxvoe.JPEG,3
vpmkupsveh.JPEG,2
vpuapvzhha.JPEG,8
vqtjeojftk.JPEG,3
vregyhozgt.JPEG,6
vrgstsbprs.JPEG,0
vsgegwugfe.JPEG,3
vsrhstbldj.JPEG,3
vsrkmyjegp.JPEG,1
vsxwyzwrpe.JPEG,9
vtufwbvsjs.JPEG,0
vvbexolnla.JPEG,1
vvrnrzzkss.JPEG,1
vwhfetogsw.JPEG,0
vwzctarxtj.JPEG,2
vxgjrocdfv.JPEG,2
vyciiocucp.JPEG,0
vyfparxyia.JPEG,6
vywaifbqvr.JPEG,0
vzpxcyxdjf.JPEG,9
waanvkwcpl.JPEG,8
wauihngtia.JPEG,1
wcekuofykd.JPEG,7
wdfjhoymoh.JPEG,2
wdslywmaba.JPEG,1
wecoeqifih.JPEG,6
wetslcbkti.JPEG,2
wgggvlosdk.JPEG,2
whbjfkftkt.JPEG,0
whxbrjhhdw.JPEG,4
wiwrpfympy.JPEG,6
wjjzbblbay.JPEG,1
wjxyefezep.JPEG,8
wkkrbcekep.JPEG,2
wkonpdomjs.JPEG,3
wlonbwoglg.JPEG,4
wmaxrytspp.JPEG,8
wmjdggfvdx.JPEG,4
wmxtwuhguz.JPEG,4
wntrfpowrv.JPEG,0
wotgixsfrm.JPEG,4
wpamapqzoi.JPEG,5
wpkhbzrdrs.JPEG,1
wqkksvywfs.JPEG,6
wrlzqbeeye.JPEG,0
wsucvskrza.JPEG,6
wuecieviaf.JPEG,3
wuhrzjfimh.JPEG,0
wvxsaqgvxl.JPEG,4
wxbrrkureu.JPEG,7
wygcvvgdrv.JPEG,8
wyywoqoagn.JPEG,7
wzwpbyriah.JPEG,8
xakezmehgq.JPEG,5
xaxvfiayst.JPEG,9
xayrtwqhpw.JPEG,2
xbvcladjbe.JPEG,3
xcocsuixcn.JPEG,3
xfagrlylyx.JPEG,6
xfjavyjfip.JPEG,4
xfutlpjkch.JPEG,9
xigasmdgxz.JPEG,7
ximqmjddyq.JPEG,0
xizulskbeq.JPEG,3
xjaiiuqviy.JPEG,9
xjlfycgxlr.JPEG,0
xjqmbiylvb.JPEG,8
xkrqhdfhax.JPEG,7
xksprubqct.JPEG,2
xkwtdeuohg.JPEG,9
xldidletni.JPEG,6
xnaztdaiep.JPEG,1
xobukaayil.JPEG,0
xodfphlhfl.JPEG,5
xolelymvpa.JPEG,6
xpcbsstgdm.JPEG,7
xpjurtnlmh.JPEG,0
xqmlixjlbt.JPEG,3
xqmrvulwtn.JPEG,4
xqpdpqeexa.JPEG,3
xriwddhxzs.JPEG,8
xrmmoavgsb.JPEG,7
xrtrydkpua.JPEG,9
xssbsxmgnw.JPEG,5
xsyhbiueew.JPEG,5
xtazqcfhga.JPEG,1
xtkurgdaqn.JPEG,8
xumfddplpu.JPEG,6
xvgeencfmh.JPEG,5
xvrrpupllc.JPEG,7
xwqsbznzat.JPEG,4
xxcihkwceo.JPEG,0
xxqxplxbcs.JPEG,4
xxztolxcds.JPEG,0
xybqkwoxqb.JPEG,5
xyhivbcioq.JPEG,6
xyyyeogwhq.JPEG,2
xzkdivozpz.JPEG,0
xzsldyidnl.JPEG,6
xzwfjsuvre.JPEG,7
yalfvzxefg.JPEG,2
ycwbjsfaad.JPEG,4
yedyaaojrt.JPEG,4
yembyjasia.JPEG,9
yffzzbqkba.JPEG,2
yfkcibclfe.JPEG,6
yfktjgowhw.JPEG,0
yhgebwlfdl.JPEG,9
yifpxaaona.JPEG,2
yiiaqtlspl.JPEG,0
yisudydltq.JPEG,7
yjnghuacpe.JPEG,3
ykgylatlzp.JPEG,5
ykzpxssucv.JPEG,0
ylmlnjvkkz.JPEG,1
ylqgtsrnpp.JPEG,5
ymkicfzlue.JPEG,0
yojhkloghq.JPEG,3
yplyjnmmwh.JPEG,0
ypulfjsivt.JPEG,1
ytzisjhuxf.JPEG,1
yubcplaphl.JPEG,6
yukhdsdyli.JPEG,6
yvpvcjmoui.JPEG,4
ywmujvysok.JPEG,0
yzeblljdei.JPEG,8
yzufccydbq.JPEG,0
yzvalhrcxl.JPEG,1
zaqmieloyo.JPEG,3
zaqoitnwjl.JPEG,2
zbebvpdhpw.JPEG,0
zcitdaomrv.JPEG,2
zcpjaicayr.JPEG,1
zdaecqndzv.JPEG,8
zdmogunbxh.JPEG,1
zejpfnmxik.JPEG,7
zejzzfbbmr.JPEG,3
zeklcjhztd.JPEG,2
zemnppktvr.JPEG,5
zemrphjmyl.JPEG,3
zfhiakpxgt.JPEG,7
zfiirmwjyo.JPEG,5
zflsmkzqke.JPEG,7
zgrkoivueu.JPEG,9
zgtymoznog.JPEG,3
zhdfwrhdbc.JPEG,9
zhwhgsjocf.JPEG,2
zjcpqoojca.JPEG,3
zjonvfpbzx.JPEG,6
zkkfhvkkov.JPEG,1
zkotyynyxy.JPEG,4
zkznshjrfy.JPEG,3
zlajveafoz.JPEG,1
zlvacwileg.JPEG,3
znckuyhvgp.JPEG,4
zndhwhgpcb.JPEG,4
znujjgfrqo.JPEG,6
znyftpnpnh.JPEG,3
zoiyrocrmj.JPEG,7
zpwjkypihm.JPEG,3
zqfxaernjl.JPEG,4
zrldwkfedb.JPEG,5
zsuvprumsi.JPEG,9
ztldhbudsl.JPEG,3
zuazxtwrzx.JPEG,1
zufaarnjqn.JPEG,1
zulkbseqcf.JPEG,0
zveuhklkmb.JPEG,2
zwrykmvkrl.JPEG,7
zwzcwmuthn.JPEG,2
zxwytduntz.JPEG,0
zyblvknfvn.JPEG,4
zyzhmubdiy.JPEG,6
